{
  "project_info": {
    "project_number": "682801508016",
    "project_id": "shopping-supporter",
    "storage_bucket": "shopping-supporter.appspot.com"
  },
  "client": [
    {
      "client_info": {
        "mobilesdk_app_id": "1:682801508016:android:9b89d04d1c8e2f27291575",
        "android_client_info": {
          "package_name": "com.example.shoppingsaver"
        }
      },
      "oauth_client": [
        {
          "client_id": "682801508016-b0sesne30ob02g4vvc5re6qcmfcqmjn7.apps.googleusercontent.com",
          "client_type": 3
        }
      ],
      "api_key": [
        {
          "current_key": "AIzaSyAI2bM8k3wEDzN0QyHNY70IVmQjwM4l7jU"
        }
      ],
      "services": {
        "appinvite_service": {
          "other_platform_oauth_client": [
            {
              "client_id": "682801508016-b0sesne30ob02g4vvc5re6qcmfcqmjn7.apps.googleusercontent.com",
              "client_type": 3
            }
          ]
        }
      }
    }
  ],
  "configuration_version": "1"
}